{"cameraMode":{"drawMode":0,"name":"Shaded","section":"Shading Mode"},"sceneLighting":false,"audioPlay":false,"sceneViewState":{"showFog":true,"showMaterialUpdate":false,"showSkybox":false,"showFlares":true,"showImageEffects":true,"showParticleSystems":true},"in2DMode":false,"pivot":{"x":0.24112612009048463,"y":1.7743244171142579,"z":76.84437561035156},"rotation":{"x":0.7932029366493225,"y":0.0400129109621048,"z":-0.05242755264043808,"w":0.6053758263587952},"size":10.92669677734375,"orthographic":false}