{"cameraMode":{"drawMode":0,"name":"Shaded","section":"Shading Mode"},"sceneLighting":false,"audioPlay":false,"sceneViewState":{"showFog":true,"showMaterialUpdate":false,"showSkybox":false,"showFlares":true,"showImageEffects":true,"showParticleSystems":true},"in2DMode":false,"pivot":{"x":-0.6983551383018494,"y":1.9264640808105469,"z":56.44831848144531},"rotation":{"x":0.8078079223632813,"y":0.03522556647658348,"z":-0.04852672293782234,"w":0.586388111114502},"size":9.414627075195313,"orthographic":false}