{"cameraMode":{"drawMode":0,"name":"Shaded","section":"Shading Mode"},"sceneLighting":false,"audioPlay":false,"sceneViewState":{"showFog":true,"showMaterialUpdate":false,"showSkybox":false,"showFlares":true,"showImageEffects":true,"showParticleSystems":true},"in2DMode":false,"pivot":{"x":-0.6023694276809692,"y":1.3377227783203126,"z":168.18638610839845},"rotation":{"x":0.7545703649520874,"y":0.04217999801039696,"z":-0.04873740300536156,"w":0.653046190738678},"size":16.314977645874025,"orthographic":false}