{"cameraMode":{"drawMode":0,"name":"Shaded","section":"Shading Mode"},"sceneLighting":false,"audioPlay":false,"sceneViewState":{"showFog":true,"showMaterialUpdate":false,"showSkybox":false,"showFlares":true,"showImageEffects":true,"showParticleSystems":true},"in2DMode":false,"pivot":{"x":-0.9445687532424927,"y":3.2949764728546144,"z":225.14004516601563},"rotation":{"x":0.35171082615852358,"y":0.0014041450340300799,"z":-0.0005275884177535772,"w":0.9361087679862976},"size":12.501566886901856,"orthographic":false}